id,name,age,account,criminal
P-00007333,Tommy Roman,18,,False
P-00007530,Alan Hatfield,16,ACCT-00010539,True
P-00007649,Clayton Wilson,15,ACCT-00010668,False
P-00007666,Susan Jones,25,ACCT-00010800,False
P-00007809,Eric Horn,48,ACCT-00010864,False
P-00007945,Teresa Jones,56,ACCT-00010901,False
P-00007988,Kevin Martin,41,ACCT-00010938,False
P-00008017,Brenda Torres,19,ACCT-00011045,False
P-00008063,Eric Abbott,73,ACCT-00011056,False
P-00008190,Robert Alvarez,74,ACCT-00011209,False
P-00008390,Jessica Hill,37,ACCT-00011316,False
P-00008526,Ryan Bennett,46,ACCT-00011481,False
P-00008706,Brooke Odonnell,48,ACCT-00011521,False
P-00008789,Jillian Jones,64,ACCT-00011576,False
P-00008799,Ronald Mcguire,54,ACCT-00011655,False
P-00008865,Melissa Herring,26,,True
P-00008983,Sabrina Ward,40,ACCT-00011787,False
P-00009133,Antonio Gomez,33,ACCT-00011915,False
P-00009254,Carlos Weber,32,,False
P-00009338,Michael Brown,25,ACCT-00012110,True
P-00009349,Norman Clark,62,ACCT-00012182,False
P-00009458,Kenneth Hernandez,25,ACCT-00012378,False
P-00009603,Brian Bennett,41,ACCT-00012455,False
P-00009617,Ruben Hall,76,ACCT-00012498,False
P-00009740,Jeffrey Vega,75,ACCT-00012546,True
P-00009813,Mary Reed,35,ACCT-00012679,False
P-00009985,Allen Flynn,73,,False
P-00010079,Karen Moon,56,ACCT-00012769,False
P-00010156,Lauren Hart,51,ACCT-00012914,False
P-00010228,Michael Harris,79,ACCT-00013000,False
P-00010250,Leah Kelley,45,,False
P-00010258,Matthew Williams,40,ACCT-00013171,False
P-00010349,Jose Jones,53,ACCT-00013238,False
P-00010406,Bradley Lozano,16,ACCT-00013413,False
P-00010465,Jonathan Bentley,31,ACCT-00013550,False
P-00010602,Dana Martin,78,ACCT-00013744,True
P-00010686,Zachary Knight,71,ACCT-00013755,False
P-00010882,Jennifer Williams,23,ACCT-00013836,False
P-00010971,Kelly Hammond,77,ACCT-00013850,False
P-00011047,Gerald Tucker,44,ACCT-00014028,False
P-00011236,Jacob Thompson,16,,True
P-00011391,Monica Shaw,30,ACCT-00014201,False
P-00011404,Lindsay Ward,61,,False
P-00011499,Adam Edwards,48,ACCT-00014232,False
P-00011555,Linda Medina,55,ACCT-00014307,True
P-00011738,Cassandra Frey,35,ACCT-00014308,False
P-00011843,Jeremy Flowers,36,,False
P-00011948,Nicole Matthews,75,ACCT-00014440,False
P-00012137,Brian Leonard,65,ACCT-00014589,False
P-00012262,Justin Aguirre,46,ACCT-00014651,False
P-00012363,Michelle Kelly,38,,True
P-00012536,Emma Alexander,27,ACCT-00014790,False
P-00012556,Lawrence Rogers,62,ACCT-00014860,False
P-00012564,Matthew Guzman,19,ACCT-00014875,False
P-00012647,William Noble,35,ACCT-00014972,False
P-00012800,Diane Greer,54,,True
P-00012840,Shannon Bishop,70,,False
P-00012974,Stephen Myers,77,ACCT-00015053,False
P-00013016,Brooke Hall,59,ACCT-00015214,False
P-00013130,Jared Jones,22,ACCT-00015233,False
P-00013228,Karla Chan,44,ACCT-00015411,False
P-00013361,Renee Fleming,52,ACCT-00015609,False
P-00013408,James Thompson,31,ACCT-00015687,False
P-00013494,Debra Rangel,69,ACCT-00015878,False
P-00013537,Jeffrey Ramos,22,ACCT-00015947,False
P-00013681,William Mcgrath,39,ACCT-00016091,False
P-00013769,Lisa Frazier,80,ACCT-00016180,False
P-00013911,Shawn Velasquez,44,ACCT-00016355,False
P-00014039,Tommy Wong,80,ACCT-00016419,False
P-00014239,Kari Harrison,16,ACCT-00016425,False
P-00014355,Olivia Foster,40,ACCT-00016436,False
P-00014461,Christopher Jones,61,ACCT-00016480,False
P-00014478,Amanda Adams,78,ACCT-00016488,False
P-00014549,Alicia Williams,75,ACCT-00016496,True
P-00014596,Marcus Johnston,51,ACCT-00016559,False
P-00014638,Patrick Boyd,15,ACCT-00016634,False
P-00014799,Susan Graves,53,ACCT-00016796,False
P-00014804,Jeffrey Morgan,50,ACCT-00016821,False
P-00014952,Laura Rogers,18,,True
P-00015066,Jennifer Peters,80,ACCT-00016906,False
P-00015204,Joseph Sanders,54,ACCT-00017085,False
P-00015223,Erin Barber,75,ACCT-00017153,False
P-00015240,Joanne Carr,15,ACCT-00017244,False
P-00015268,Jill Arnold,19,ACCT-00017313,False
P-00015417,Emily Pineda,18,ACCT-00017483,False
P-00015556,Daniel Stone,45,ACCT-00017509,False
P-00015578,Edward Carr,69,ACCT-00017666,True
P-00015601,Gregory Cook,63,ACCT-00017757,False
P-00015636,Michael Martinez,21,ACCT-00017826,True
P-00015723,Katherine Miller,69,ACCT-00017999,True
P-00015804,Christopher Trevino,43,ACCT-00018181,True
P-00015984,Mr. Jonathan Alvarez MD,53,ACCT-00018327,False
P-00016018,Melissa Berg,47,ACCT-00018485,False
P-00016058,Lauren Singh,21,ACCT-00018552,False
P-00016148,Phyllis Cobb,78,ACCT-00018562,False
P-00016270,Valerie Pearson,50,ACCT-00018643,False
P-00016369,Timothy Griffin,80,,False
P-00016527,Cory Fry,54,ACCT-00018668,False
P-00016637,Rodney Ortiz,50,ACCT-00018734,False
P-00016681,Ian Romero,37,ACCT-00018750,False
